wavelength,readnoise,dark_counts,sky_counts,target_counts,total_counts
1194.5000,0,2.805,2.785e-09,97.14,99.945
1194.5500,0,2.805,3.3818e-09,103.73,106.54
1194.6000,0,2.805,4.0628e-09,103.85,106.65
1194.6500,0,2.805,4.6617e-09,103.97,106.77
1194.7000,0,2.805,4.7706e-09,104.08,106.89
1194.7500,0,2.805,4.7664e-09,104.2,107.01
1194.8000,0,2.805,4.7568e-09,104.32,107.12
1194.8500,0,2.805,4.7472e-09,104.44,107.24
1194.9000,0,2.805,4.7375e-09,104.55,107.36
1194.9500,0,2.805,4.7278e-09,104.67,107.48
1195.0000,0,2.805,4.7181e-09,104.79,107.59
1195.0500,0,2.805,4.7084e-09,104.91,107.71
1195.1000,0,2.805,4.6986e-09,105.03,107.83
1195.1500,0,2.805,4.6888e-09,105.14,107.95
1195.2000,0,2.805,4.679e-09,105.26,108.07
1195.2500,0,2.805,4.6691e-09,105.38,108.19
1195.3000,0,2.805,4.6592e-09,105.5,108.3
1195.3500,0,2.805,4.6493e-09,105.62,108.42
1195.4000,0,2.805,4.6394e-09,105.74,108.54
1195.4500,0,2.805,4.6294e-09,105.85,108.66
1195.5000,0,2.805,4.6194e-09,105.97,108.78
1195.5500,0,2.805,4.6094e-09,106.09,108.9
1195.6000,0,2.805,4.5994e-09,106.21,109.02
1195.6500,0,2.805,4.5893e-09,106.33,109.13
1195.7000,0,2.805,4.5792e-09,106.45,109.25
1195.7500,0,2.805,4.569e-09,106.57,109.37
1195.8000,0,2.805,4.5589e-09,106.69,109.49
1195.8500,0,2.805,4.5487e-09,106.81,109.61
1195.9000,0,2.805,4.5384e-09,106.92,109.73
1195.9500,0,2.805,4.5282e-09,107.04,109.85
1196.0000,0,2.805,4.5179e-09,107.16,109.97
1196.0500,0,2.805,4.5076e-09,107.28,110.09
1196.1000,0,2.805,4.4973e-09,107.4,110.21
1196.1500,0,2.805,4.4869e-09,107.52,110.33
1196.2000,0,2.805,4.4765e-09,107.64,110.45
1196.2500,0,2.805,4.4661e-09,107.76,110.57
1196.3000,0,2.805,4.4556e-09,107.88,110.69
1196.3500,0,2.805,4.4452e-09,108,110.81
1196.4000,0,2.805,4.4347e-09,108.12,110.93
1196.4500,0,2.805,4.4241e-09,108.24,111.05
1196.5000,0,2.805,4.4136e-09,108.36,111.17
1196.5500,0,2.805,4.403e-09,108.48,111.29
1196.6000,0,2.805,4.3923e-09,108.6,111.41
1196.6500,0,2.805,4.3817e-09,108.72,111.53
1196.7000,0,2.805,4.371e-09,108.84,111.65
1196.7500,0,2.805,4.3603e-09,108.96,111.77
1196.8000,0,2.805,4.3496e-09,109.08,111.89
1196.8500,0,2.805,4.3388e-09,109.2,112.01
1196.9000,0,2.805,4.328e-09,109.32,112.13
1196.9500,0,2.805,4.3172e-09,109.44,112.25
1197.0000,0,2.805,4.3063e-09,109.56,112.37
1197.0500,0,2.805,4.2954e-09,109.68,112.49
1197.1000,0,2.805,4.2845e-09,109.81,112.61
1197.1500,0,2.805,4.2736e-09,109.93,112.73
1197.2000,0,2.805,4.2626e-09,110.05,112.85
1197.2500,0,2.805,4.2516e-09,110.17,112.97
1197.3000,0,2.805,4.2406e-09,110.29,113.09
1197.3500,0,2.805,4.2295e-09,110.41,113.22
1197.4000,0,2.805,4.2184e-09,110.53,113.34
1197.4500,0,2.805,4.2073e-09,110.65,113.46
1197.5000,0,2.805,4.1962e-09,110.77,113.58
1197.5500,0,2.805,4.185e-09,110.9,113.7
1197.6000,0,2.805,4.1738e-09,111.02,113.82
1197.6500,0,2.805,4.1626e-09,111.14,113.94
1197.7000,0,2.805,4.1513e-09,111.26,114.06
1197.7500,0,2.805,4.14e-09,111.38,114.19
1197.8000,0,2.805,4.1287e-09,111.5,114.31
1197.8500,0,2.805,4.1174e-09,111.62,114.43
1197.9000,0,2.805,4.106e-09,111.75,114.55
1197.9500,0,2.805,4.0946e-09,111.87,114.67
1198.0000,0,2.805,4.0831e-09,111.99,114.8
1198.0500,0,2.805,4.0717e-09,112.11,114.92
1198.1000,0,2.805,4.0602e-09,112.23,115.04
1198.1500,0,2.805,4.0486e-09,112.36,115.16
1198.2000,0,2.805,4.0371e-09,112.48,115.28
1198.2500,0,2.805,4.0255e-09,112.6,115.41
1198.3000,0,2.805,4.0139e-09,112.72,115.53
1198.3500,0,2.805,4.0022e-09,112.85,115.65
1198.4000,0,2.805,3.9906e-09,112.97,115.77
1198.4500,0,2.805,3.9789e-09,113.09,115.9
1198.5000,0,2.805,3.9671e-09,113.21,116.02
1198.5500,0,2.805,3.9554e-09,113.34,116.14
1198.6000,0,2.805,3.9436e-09,113.46,116.26
1198.6500,0,2.805,3.9318e-09,113.58,116.39
1198.7000,0,2.805,3.9199e-09,113.7,116.51
1198.7500,0,2.805,3.908e-09,113.83,116.63
1198.8000,0,2.805,3.8961e-09,113.95,116.75
1198.8500,0,2.805,3.8842e-09,114.07,116.88
1198.9000,0,2.805,3.8722e-09,114.2,117
1198.9500,0,2.805,3.8602e-09,114.32,117.12
1199.0000,0,2.805,3.8482e-09,114.44,117.25
1199.0500,0,2.805,3.8361e-09,114.57,117.37
1199.1000,0,2.805,3.824e-09,114.69,117.49
1199.1500,0,2.805,3.8119e-09,114.81,117.62
1199.2000,0,2.805,3.7998e-09,114.94,117.74
1199.2500,0,2.805,3.7876e-09,115.06,117.86
1199.3000,0,2.805,3.7754e-09,115.18,117.99
1199.3500,0,2.805,3.7631e-09,115.31,118.11
1199.4000,0,2.805,3.7509e-09,115.43,118.23
1199.4500,0,2.805,3.7386e-09,115.55,118.36
1199.5000,0,2.805,3.7262e-09,115.68,118.48
1199.5500,0,2.805,3.7139e-09,115.8,118.61
1199.6000,0,2.805,3.7015e-09,115.93,118.73
1199.6500,0,2.805,3.6891e-09,116.05,118.85
1199.7000,0,2.805,3.6766e-09,116.17,118.98
1199.7500,0,2.805,3.6641e-09,116.3,119.1
1199.8000,0,2.805,3.6516e-09,116.42,119.23
1199.8500,0,2.805,3.6395e-09,116.55,119.35
1199.9000,0,2.805,3.629e-09,116.67,119.47
1199.9500,0,2.805,3.6203e-09,116.79,119.6
1200.0000,0,2.805,3.6136e-09,116.92,119.72
1200.0500,0,2.805,3.6089e-09,117.02,119.83
1200.1000,0,2.805,3.6061e-09,117.13,119.93
1200.1500,0,2.805,3.6053e-09,117.23,120.04
1200.2000,0,2.805,3.606e-09,117.34,120.14
1200.2500,0,2.805,3.6072e-09,117.44,120.25
1200.3000,0,2.805,3.6083e-09,117.55,120.35
1200.3500,0,2.805,3.6095e-09,117.65,120.46
1200.4000,0,2.805,3.6106e-09,117.76,120.56
1200.4500,0,2.805,3.6118e-09,117.86,120.67
1200.5000,0,2.805,3.6129e-09,117.97,120.77
1200.5500,0,2.805,3.614e-09,118.07,120.88
1200.6000,0,2.805,3.6152e-09,118.18,120.99
1200.6500,0,2.805,3.6163e-09,118.29,121.09
1200.7000,0,2.805,3.6175e-09,118.39,121.2
1200.7500,0,2.805,3.6186e-09,118.5,121.3
1200.8000,0,2.805,3.6197e-09,118.6,121.41
1200.8500,0,2.805,3.6208e-09,118.71,121.51
1200.9000,0,2.805,3.622e-09,118.81,121.62
1200.9500,0,2.805,3.6231e-09,118.92,121.72
1201.0000,0,2.805,3.6242e-09,119.02,121.83
1201.0500,0,2.805,3.6253e-09,119.13,121.93
1201.1000,0,2.805,3.6264e-09,119.23,122.04
1201.1500,0,2.805,3.6275e-09,119.34,122.14
1201.2000,0,2.805,3.6287e-09,119.45,122.25
1201.2500,0,2.805,3.6298e-09,119.55,122.36
1201.3000,0,2.805,3.6309e-09,119.66,122.46
1201.3500,0,2.805,3.632e-09,119.76,122.57
1201.4000,0,2.805,3.6331e-09,119.87,122.67
1201.4500,0,2.805,3.6342e-09,119.97,122.78
1201.5000,0,2.805,3.6352e-09,120.08,122.88
1201.5500,0,2.805,3.6363e-09,120.18,122.99
1201.6000,0,2.805,3.6374e-09,120.29,123.1
1201.6500,0,2.805,3.6385e-09,120.4,123.2
1201.7000,0,2.805,3.6396e-09,120.5,123.31
1201.7500,0,2.805,3.6407e-09,120.61,123.41
1201.8000,0,2.805,3.6417e-09,120.71,123.52
1201.8500,0,2.805,3.6428e-09,120.82,123.62
1201.9000,0,2.805,3.6439e-09,120.93,123.73
1201.9500,0,2.805,3.6449e-09,121.03,123.84
1202.0000,0,2.805,3.646e-09,121.14,123.94
1202.0500,0,2.805,3.6471e-09,121.24,124.05
1202.1000,0,2.805,3.6481e-09,121.35,124.15
1202.1500,0,2.805,3.6492e-09,121.45,124.26
1202.2000,0,2.805,3.6502e-09,121.56,124.37
1202.2500,0,2.805,3.6513e-09,121.67,124.47
1202.3000,0,2.805,3.6523e-09,121.77,124.58
1202.3500,0,2.805,3.6534e-09,121.88,124.68
1202.4000,0,2.805,3.6544e-09,121.98,124.79
1202.4500,0,2.805,3.6555e-09,122.09,124.9
1202.5000,0,2.805,3.6565e-09,122.2,125
1202.5500,0,2.805,3.6575e-09,122.3,125.11
1202.6000,0,2.805,3.6586e-09,122.41,125.21
1202.6500,0,2.805,3.6596e-09,122.52,125.32
1202.7000,0,2.805,3.6606e-09,122.62,125.43
1202.7500,0,2.805,3.6616e-09,122.73,125.53
1202.8000,0,2.805,3.6627e-09,122.83,125.64
1202.8500,0,2.805,3.6637e-09,122.94,125.74
1202.9000,0,2.805,3.6647e-09,123.05,125.85
1202.9500,0,2.805,3.6657e-09,123.15,125.96
1203.0000,0,2.805,3.6667e-09,123.26,126.06
1203.0500,0,2.805,3.6677e-09,123.36,126.17
1203.1000,0,2.805,3.6687e-09,123.47,126.28
1203.1500,0,2.805,3.6697e-09,123.58,126.38
1203.2000,0,2.805,3.6707e-09,123.68,126.49
1203.2500,0,2.805,3.6717e-09,123.79,126.6
1203.3000,0,2.805,3.6727e-09,123.9,126.7
1203.3500,0,2.805,3.6737e-09,124,126.81
1203.4000,0,2.805,3.6747e-09,124.11,126.91
1203.4500,0,2.805,3.6756e-09,124.22,127.02
1203.5000,0,2.805,3.6766e-09,124.32,127.13
1203.5500,0,2.805,3.6776e-09,124.43,127.23
1203.6000,0,2.805,3.6786e-09,124.53,127.34
1203.6500,0,2.805,3.6795e-09,124.64,127.45
1203.7000,0,2.805,3.6805e-09,124.75,127.55
1203.7500,0,2.805,3.6815e-09,124.85,127.66
1203.8000,0,2.805,3.6824e-09,124.96,127.77
1203.8500,0,2.805,3.6834e-09,125.07,127.87
1203.9000,0,2.805,3.6844e-09,125.17,127.98
1203.9500,0,2.805,3.6853e-09,125.28,128.09
1204.0000,0,2.805,3.6863e-09,125.39,128.19
1204.0500,0,2.805,3.6872e-09,125.49,128.3
1204.1000,0,2.805,3.6882e-09,125.6,128.41
1204.1500,0,2.805,3.6891e-09,125.71,128.51
1204.2000,0,2.805,3.69e-09,125.81,128.62
1204.2500,0,2.805,3.691e-09,125.92,128.73
1204.3000,0,2.805,3.6919e-09,126.03,128.83
1204.3500,0,2.805,3.6928e-09,126.13,128.94
1204.4000,0,2.805,3.6938e-09,126.24,129.05
1204.4500,0,2.805,3.6947e-09,126.35,129.15
1204.5000,0,2.805,3.6956e-09,126.45,129.26
1204.5500,0,2.805,3.6965e-09,126.56,129.37
1204.6000,0,2.805,3.6974e-09,126.67,129.47
1204.6500,0,2.805,3.6984e-09,126.77,129.58
1204.7000,0,2.805,3.6993e-09,126.88,129.69
1204.7500,0,2.805,3.7002e-09,126.99,129.79
1204.8000,0,2.805,3.7011e-09,127.09,129.9
1204.8500,0,2.805,3.702e-09,127.2,130.01
1204.9000,0,2.805,3.7029e-09,127.31,130.11
1204.9500,0,2.805,3.7038e-09,127.41,130.22
1205.0000,0,2.805,3.7047e-09,127.52,130.33
1205.0500,0,2.805,3.7055e-09,127.63,130.43
1205.1000,0,2.805,3.7064e-09,127.74,130.54
1205.1500,0,2.805,3.7073e-09,127.84,130.65
1205.2000,0,2.805,3.7082e-09,127.95,130.75
1205.2500,0,2.805,3.7091e-09,128.06,130.86
1205.3000,0,2.805,3.7099e-09,128.16,130.97
1205.3500,0,2.805,3.7108e-09,128.27,131.07
1205.4000,0,2.805,3.7117e-09,128.38,131.18
1205.4500,0,2.805,3.7126e-09,128.48,131.29
1205.5000,0,2.805,3.7134e-09,128.59,131.4
1205.5500,0,2.805,3.7143e-09,128.7,131.5
1205.6000,0,2.805,3.7151e-09,128.8,131.61
1205.6500,0,2.805,3.716e-09,128.91,131.72
1205.7000,0,2.805,3.7168e-09,129.02,131.82
1205.7500,0,2.805,3.7177e-09,129.13,131.93
1205.8000,0,2.805,3.7185e-09,129.23,132.04
1205.8500,0,2.805,3.7194e-09,129.34,132.14
1205.9000,0,2.805,3.7202e-09,129.45,132.25
1205.9500,0,2.805,3.721e-09,129.55,132.36
1206.0000,0,2.805,3.7219e-09,129.66,132.47
1206.0500,0,2.805,3.7227e-09,129.77,132.57
1206.1000,0,2.805,3.7235e-09,129.88,132.68
1206.1500,0,2.805,3.7243e-09,129.98,132.79
1206.2000,0,2.805,3.7252e-09,130.09,132.89
1206.2500,0,2.805,3.726e-09,130.2,133
1206.3000,0,2.805,3.7268e-09,130.3,133.11
1206.3500,0,2.805,3.7276e-09,130.41,133.22
1206.4000,0,2.805,3.7284e-09,130.52,133.32
1206.4500,0,2.805,3.7292e-09,130.63,133.43
1206.5000,0,2.805,3.73e-09,130.73,133.54
1206.5500,0,2.805,3.7308e-09,130.84,133.64
1206.6000,0,2.805,3.7316e-09,130.95,133.75
1206.6500,0,2.805,3.7324e-09,131.05,133.86
1206.7000,0,2.805,3.7332e-09,131.16,133.97
1206.7500,0,2.805,3.734e-09,131.27,134.07
1206.8000,0,2.805,3.7348e-09,131.38,134.18
1206.8500,0,2.805,3.7355e-09,131.48,134.29
1206.9000,0,2.805,3.7363e-09,131.59,134.4
1206.9500,0,2.805,3.7371e-09,131.7,134.5
1207.0000,0,2.805,3.7379e-09,131.8,134.61
1207.0500,0,2.805,3.7386e-09,131.91,134.72
1207.1000,0,2.805,3.7394e-09,132.02,134.82
1207.1500,0,2.805,3.7402e-09,132.13,134.93
1207.2000,0,2.805,3.7409e-09,132.23,135.04
1207.2500,0,2.805,3.7417e-09,132.34,135.15
1207.3000,0,2.805,3.7424e-09,132.45,135.25
1207.3500,0,2.805,3.7432e-09,132.56,135.36
1207.4000,0,2.805,3.7439e-09,132.66,135.47
1207.4500,0,2.805,3.7447e-09,132.77,135.58
1207.5000,0,2.805,3.7454e-09,132.88,135.68
1207.5500,0,2.805,3.7461e-09,132.98,135.79
1207.6000,0,2.805,3.7469e-09,133.09,135.9
1207.6500,0,2.805,3.7476e-09,133.2,136
1207.7000,0,2.805,3.7483e-09,133.31,136.11
1207.7500,0,2.805,3.749e-09,133.41,136.22
1207.8000,0,2.805,3.7498e-09,133.52,136.33
1207.8500,0,2.805,3.7505e-09,133.63,136.43
1207.9000,0,2.805,3.7512e-09,133.74,136.54
1207.9500,0,2.805,3.7519e-09,133.84,136.65
1208.0000,0,2.805,3.7526e-09,133.95,136.76
1208.0500,0,2.805,3.7533e-09,134.06,136.86
1208.1000,0,2.805,3.754e-09,134.17,136.97
1208.1500,0,2.805,3.7547e-09,134.27,137.08
1208.2000,0,2.805,3.7554e-09,134.38,137.19
1208.2500,0,2.805,3.7561e-09,134.49,137.29
1208.3000,0,2.805,3.7568e-09,134.6,137.4
1208.3500,0,2.805,3.7575e-09,134.7,137.51
1208.4000,0,2.805,3.7582e-09,134.81,137.62
1208.4500,0,2.805,3.7588e-09,134.92,137.72
1208.5000,0,2.805,3.7595e-09,135.03,137.83
1208.5500,0,2.805,3.7602e-09,135.13,137.94
1208.6000,0,2.805,3.7609e-09,135.24,138.05
1208.6500,0,2.805,3.7615e-09,135.35,138.15
1208.7000,0,2.805,3.7622e-09,135.45,138.26
1208.7500,0,2.805,3.7628e-09,135.56,138.37
1208.8000,0,2.805,3.7635e-09,135.67,138.47
1208.8500,0,2.805,3.7642e-09,135.78,138.58
1208.9000,0,2.805,3.7648e-09,135.88,138.69
1208.9500,0,2.805,3.7655e-09,135.99,138.8
1209.0000,0,2.805,3.7661e-09,136.1,138.9
1209.0500,0,2.805,3.7667e-09,136.21,139.01
1209.1000,0,2.805,3.7674e-09,136.31,139.12
1209.1500,0,2.805,3.768e-09,136.42,139.23
1209.2000,0,2.805,3.7686e-09,136.53,139.33
1209.2500,0,2.805,3.7693e-09,136.64,139.44
1209.3000,0,2.805,3.7699e-09,136.74,139.55
1209.3500,0,2.805,3.7705e-09,136.85,139.66
1209.4000,0,2.805,3.7711e-09,136.96,139.76
1209.4500,0,2.805,3.7717e-09,137.07,139.87
1209.5000,0,2.805,3.7724e-09,137.17,139.98
1209.5500,0,2.805,3.773e-09,137.28,140.09
1209.6000,0,2.805,3.7736e-09,137.39,140.19
1209.6500,0,2.805,3.7742e-09,137.5,140.3
1209.7000,0,2.805,3.7748e-09,137.6,140.41
1209.7500,0,2.805,3.7754e-09,137.71,140.52
1209.8000,0,2.805,3.776e-09,137.82,140.62
1209.8500,0,2.805,3.7765e-09,137.93,140.73
1209.9000,0,2.805,3.7771e-09,138.03,140.84
1209.9500,0,2.805,3.7777e-09,138.14,140.95
1210.0000,0,2.805,3.7783e-09,138.25,141.05
1210.0500,0,2.805,3.7789e-09,138.36,141.16
1210.1000,0,2.805,3.7794e-09,138.46,141.27
1210.1500,0,2.805,3.78e-09,138.57,141.38
1210.2000,0,2.805,3.7806e-09,138.68,141.48
1210.2500,0,2.805,3.7811e-09,138.79,141.59
1210.3000,0,2.805,3.7817e-09,138.89,141.7
1210.3500,0,2.805,3.7823e-09,139,141.81
1210.4000,0,2.805,3.7828e-09,139.11,141.91
1210.4500,0,2.805,3.7834e-09,139.22,142.02
1210.5000,0,2.805,3.7839e-09,139.32,142.13
1210.5500,0,2.805,3.7844e-09,139.43,142.24
1210.6000,0,2.805,3.785e-09,139.54,142.34
1210.6500,0,2.805,3.7855e-09,139.65,142.45
1210.7000,0,2.805,3.7861e-09,139.75,142.56
1210.7500,0,2.805,3.7866e-09,139.86,142.67
1210.8000,0,2.805,3.7871e-09,139.97,142.77
1210.8500,0,2.805,3.7876e-09,140.08,142.88
1210.9000,0,2.805,3.7882e-09,140.18,142.99
1210.9500,0,2.805,3.7887e-09,140.29,143.1
1211.0000,0,2.805,3.7892e-09,140.4,143.2
1211.0500,0,2.805,3.7897e-09,140.51,143.31
1211.1000,0,2.805,3.7902e-09,140.61,143.42
1211.1500,0,2.805,3.7907e-09,140.72,143.53
1211.2000,0,2.805,3.7912e-09,140.83,143.63
1211.2500,0,2.805,3.7917e-09,140.94,143.74
1211.3000,0,2.805,3.7922e-09,141.04,143.85
1211.3500,0,2.805,3.7927e-09,141.15,143.96
1211.4000,0,2.805,3.7932e-09,141.26,144.06
1211.4500,0,2.805,3.7936e-09,141.37,144.17
1211.5000,0,2.805,3.7941e-09,141.47,144.28
1211.5500,0,2.805,3.7946e-09,141.58,144.39
1211.6000,0,2.805,3.7951e-09,141.69,144.49
1211.6500,0,2.805,3.7955e-09,141.8,144.6
1211.7000,0,2.805,3.796e-09,141.9,144.71
1211.7500,0,2.805,3.7965e-09,142.01,144.82
1211.8000,0,2.805,3.7969e-09,142.12,144.92
1211.8500,0,2.805,3.7974e-09,142.23,145.03
1211.9000,0,2.805,3.7978e-09,142.33,145.14
1211.9500,0,2.805,3.7983e-09,142.44,145.24
1212.0000,0,2.805,3.7987e-09,142.55,145.35
1212.0500,0,2.805,3.7992e-09,142.65,145.46
1212.1000,0,2.805,3.7996e-09,142.76,145.57
1212.1500,0,2.805,3.8001e-09,142.87,145.67
1212.2000,0,2.805,3.8005e-09,142.98,145.78
1212.2500,0,2.805,3.8009e-09,143.08,145.89
1212.3000,0,2.805,3.8013e-09,143.19,146
1212.3500,0,2.805,3.8018e-09,143.3,146.1
1212.4000,0,2.805,3.8022e-09,143.41,146.21
1212.4500,0,2.805,3.8026e-09,143.51,146.32
1212.5000,0,2.805,3.803e-09,143.62,146.43
1212.5500,0,2.805,3.8034e-09,143.73,146.53
1212.6000,0,2.805,3.8038e-09,143.84,146.64
1212.6500,0,2.805,3.8042e-09,143.94,146.75
1212.7000,0,2.805,3.8046e-09,144.05,146.86
1212.7500,0,2.805,3.805e-09,144.16,146.96
1212.8000,0,2.805,3.8054e-09,144.26,147.07
1212.8500,0,2.805,3.8058e-09,144.37,147.18
1212.9000,0,2.805,3.8062e-09,144.48,147.28
1212.9500,0,2.805,3.8066e-09,144.59,147.39
1213.0000,0,2.805,3.8069e-09,144.69,147.5
1213.0500,0,2.805,3.8073e-09,144.8,147.61
1213.1000,0,2.805,3.8077e-09,144.91,147.71
1213.1500,0,2.805,3.8081e-09,145.02,147.82
1213.2000,0,2.805,3.8084e-09,145.12,147.93
1213.2500,0,2.805,3.8088e-09,145.23,148.03
1213.3000,0,2.805,3.8091e-09,145.34,148.14
1213.3500,0,2.805,3.8095e-09,145.44,148.25
1213.4000,0,2.805,3.8098e-09,145.55,148.36
1213.4500,0,2.805,3.8102e-09,145.66,148.46
1213.5000,0,2.805,3.8105e-09,145.77,148.57
1213.5500,0,2.805,3.8109e-09,145.87,148.68
1213.6000,0,2.805,3.8112e-09,145.98,148.79
1213.6500,0,2.805,3.8115e-09,146.09,148.89
1213.7000,0,2.805,3.8119e-09,146.19,149
1213.7500,0,2.805,3.8122e-09,146.3,149.11
1213.8000,0,2.805,3.8125e-09,146.41,149.21
1213.8500,0,2.805,3.8128e-09,146.52,149.32
1213.9000,0,2.805,3.8132e-09,146.62,149.43
1213.9500,0,2.805,3.8135e-09,146.73,149.53
1214.0000,0,2.805,3.8138e-09,146.84,149.64
1214.0500,0,2.805,3.8141e-09,146.94,149.75
1214.1000,0,2.805,3.8144e-09,147.05,149.86
1214.1500,0,2.805,3.8147e-09,147.16,149.96
1214.2000,0,2.805,3.815e-09,147.27,150.07
1214.2500,0,2.805,3.8153e-09,147.37,150.18
1214.3000,0,2.805,3.8156e-09,147.48,150.28
1214.3500,0,2.805,3.8159e-09,147.59,150.39
1214.4000,0,2.805,3.8161e-09,147.69,150.5
1214.4500,0,2.805,3.8164e-09,147.8,150.61
1214.5000,0,2.805,3.8167e-09,147.91,150.71
1214.5500,0,2.805,3.817e-09,148.01,150.82
1214.6000,0,2.805,3.8172e-09,148.12,150.93
1214.6500,0,2.805,3.8175e-09,148.23,151.03
1214.7000,0,2.805,3.8178e-09,148.33,151.14
1214.7500,0,2.805,3.818e-09,148.44,151.25
1214.8000,0,2.805,3.8183e-09,148.55,151.35
1214.8500,0,2.805,3.8185e-09,148.66,151.46
1214.9000,0,2.805,3.8188e-09,148.76,151.57
1214.9500,0,2.805,3.819e-09,148.87,151.67
1215.0000,0,2.805,3.8192e-09,148.98,151.78
1215.0500,0,2.805,3.8195e-09,149.08,151.89
1215.1000,0,2.805,3.8197e-09,149.19,151.99
1215.1500,0,2.805,3.8199e-09,149.3,152.1
1215.2000,0,2.805,3.8202e-09,149.4,152.21
1215.2500,0,2.805,3.8204e-09,149.51,152.32
1215.3000,0,2.805,3.8206e-09,149.62,152.42
1215.3500,0,2.805,3.8269e-09,149.72,152.53
1215.4000,0,2.805,0.00022009,149.83,152.64
1215.4500,0,2.805,2.1893,149.94,154.93
1215.5000,0,2.805,36.458,150.04,189.31
1215.5500,0,2.805,166.88,150.15,319.84
1215.6000,0,2.805,196.3,150.26,349.36
1215.6500,0,2.805,197.68,150.36,350.85
1215.7000,0,2.805,197.68,150.47,350.96
1215.7500,0,2.805,197.68,150.58,351.07
1215.8000,0,2.805,195.49,150.68,348.98
1215.8500,0,2.805,161.22,150.79,314.82
1215.9000,0,2.805,30.803,150.9,184.5
1215.9500,0,2.805,1.3804,151,155.19
1216.0000,0,2.805,7.2878e-05,151.11,153.92
1216.0500,0,2.805,3.8245e-09,151.22,154.02
1216.1000,0,2.805,3.8237e-09,151.32,154.13
1216.1500,0,2.805,3.8238e-09,151.43,154.23
1216.2000,0,2.805,3.824e-09,151.54,154.34
1216.2500,0,2.805,3.8241e-09,151.64,154.45
1216.3000,0,2.805,3.8243e-09,151.75,154.55
1216.3500,0,2.805,3.8244e-09,151.86,154.66
1216.4000,0,2.805,3.8245e-09,151.96,154.77
1216.4500,0,2.805,3.8247e-09,152.07,154.87
1216.5000,0,2.805,3.8248e-09,152.17,154.98
1216.5500,0,2.805,3.8249e-09,152.28,155.09
1216.6000,0,2.805,3.8251e-09,152.39,155.19
1216.6500,0,2.805,3.8252e-09,152.49,155.3
1216.7000,0,2.805,3.8253e-09,152.6,155.4
1216.7500,0,2.805,3.8254e-09,152.71,155.51
1216.8000,0,2.805,3.8255e-09,152.81,155.62
1216.8500,0,2.805,3.8256e-09,152.92,155.72
1216.9000,0,2.805,3.8257e-09,153.03,155.83
1216.9500,0,2.805,3.8258e-09,153.13,155.94
1217.0000,0,2.805,3.8259e-09,153.24,156.04
1217.0500,0,2.805,3.826e-09,153.34,156.15
1217.1000,0,2.805,3.8261e-09,153.45,156.25
1217.1500,0,2.805,3.8262e-09,153.56,156.36
1217.2000,0,2.805,3.8263e-09,153.66,156.47
1217.2500,0,2.805,3.8264e-09,153.77,156.57
1217.3000,0,2.805,3.8264e-09,153.87,156.68
1217.3500,0,2.805,3.8265e-09,153.98,156.79
1217.4000,0,2.805,3.8266e-09,154.09,156.89
1217.4500,0,2.805,3.8267e-09,154.19,157
1217.5000,0,2.805,3.8267e-09,154.3,157.1
1217.5500,0,2.805,3.8268e-09,154.4,157.21
1217.6000,0,2.805,3.8268e-09,154.51,157.32
1217.6500,0,2.805,3.8269e-09,154.62,157.42
1217.7000,0,2.805,3.8269e-09,154.72,157.53
1217.7500,0,2.805,3.827e-09,154.83,157.63
1217.8000,0,2.805,3.827e-09,154.93,157.74
1217.8500,0,2.805,3.8271e-09,155.04,157.85
1217.9000,0,2.805,3.8271e-09,155.15,157.95
1217.9500,0,2.805,3.8271e-09,155.25,158.06
1218.0000,0,2.805,3.8271e-09,155.36,158.16
1218.0500,0,2.805,3.8272e-09,155.46,158.27
1218.1000,0,2.805,3.8272e-09,155.57,158.37
1218.1500,0,2.805,3.8272e-09,155.67,158.48
1218.2000,0,2.805,3.8272e-09,155.78,158.59
1218.2500,0,2.805,3.8272e-09,155.89,158.69
1218.3000,0,2.805,3.8272e-09,155.99,158.8
1218.3500,0,2.805,3.8272e-09,156.1,158.9
1218.4000,0,2.805,3.8272e-09,156.2,159.01
1218.4500,0,2.805,3.8272e-09,156.31,159.11
1218.5000,0,2.805,3.8272e-09,156.41,159.22
1218.5500,0,2.805,3.8272e-09,156.52,159.33
1218.6000,0,2.805,3.8272e-09,156.63,159.43
1218.6500,0,2.805,3.8272e-09,156.73,159.54
1218.7000,0,2.805,3.8271e-09,156.84,159.64
1218.7500,0,2.805,3.8271e-09,156.94,159.75
1218.8000,0,2.805,3.8271e-09,157.05,159.85
1218.8500,0,2.805,3.827e-09,157.15,159.96
1218.9000,0,2.805,3.827e-09,157.26,160.06
1218.9500,0,2.805,3.827e-09,157.36,160.17
1219.0000,0,2.805,3.8269e-09,157.47,160.27
1219.0500,0,2.805,3.8269e-09,157.57,160.38
1219.1000,0,2.805,3.8268e-09,157.68,160.49
1219.1500,0,2.805,3.8268e-09,157.79,160.59
1219.2000,0,2.805,3.8267e-09,157.89,160.7
1219.2500,0,2.805,3.8266e-09,158,160.8
1219.3000,0,2.805,3.8266e-09,158.1,160.91
1219.3500,0,2.805,3.8265e-09,158.21,161.01
1219.4000,0,2.805,3.8264e-09,158.31,161.12
1219.4500,0,2.805,3.8263e-09,158.42,161.22
1219.5000,0,2.805,3.8263e-09,158.52,161.33
1219.5500,0,2.805,3.8262e-09,158.63,161.43
1219.6000,0,2.805,3.8261e-09,158.73,161.54
1219.6500,0,2.805,3.826e-09,158.84,161.64
1219.7000,0,2.805,3.8259e-09,158.94,161.75
1219.7500,0,2.805,3.8258e-09,159.05,161.85
1219.8000,0,2.805,3.8257e-09,159.15,161.96
1219.8500,0,2.805,3.8256e-09,159.26,162.06
1219.9000,0,2.805,3.8255e-09,159.36,162.17
1219.9500,0,2.805,3.8254e-09,159.47,162.27
1220.0000,0,2.805,3.8252e-09,159.57,162.38
1220.0500,0,2.805,3.8251e-09,159.68,162.48
1220.1000,0,2.805,3.825e-09,159.78,162.59
1220.1500,0,2.805,3.8249e-09,159.89,162.69
1220.2000,0,2.805,3.8248e-09,159.99,162.8
1220.2500,0,2.805,3.8246e-09,160.1,162.9
1220.3000,0,2.805,3.8245e-09,160.2,163.01
1220.3500,0,2.805,3.8244e-09,160.3,163.11
1220.4000,0,2.805,3.8242e-09,160.41,163.21
1220.4500,0,2.805,3.8241e-09,160.51,163.32
1220.5000,0,2.805,3.824e-09,160.62,163.42
1220.5500,0,2.805,3.8238e-09,160.72,163.53
1220.6000,0,2.805,3.8237e-09,160.83,163.63
1220.6500,0,2.805,3.8235e-09,160.93,163.74
1220.7000,0,2.805,3.8233e-09,161.04,163.84
1220.7500,0,2.805,3.8232e-09,161.14,163.95
1220.8000,0,2.805,3.823e-09,161.25,164.05
1220.8500,0,2.805,3.8228e-09,161.35,164.16
1220.9000,0,2.805,3.8227e-09,161.45,164.26
1220.9500,0,2.805,3.8225e-09,161.56,164.36
1221.0000,0,2.805,3.8223e-09,161.66,164.47
1221.0500,0,2.805,3.8221e-09,161.77,164.57
1221.1000,0,2.805,3.8219e-09,161.87,164.68
1221.1500,0,2.805,3.8218e-09,161.98,164.78
1221.2000,0,2.805,3.8216e-09,162.08,164.89
1221.2500,0,2.805,3.8214e-09,162.18,164.99
1221.3000,0,2.805,3.8212e-09,162.29,165.09
1221.3500,0,2.805,3.821e-09,162.39,165.2
1221.4000,0,2.805,3.8207e-09,162.5,165.3
1221.4500,0,2.805,3.8205e-09,162.6,165.41
1221.5000,0,2.805,3.8203e-09,162.7,165.51
1221.5500,0,2.805,3.8201e-09,162.81,165.61
1221.6000,0,2.805,3.8199e-09,162.91,165.72
1221.6500,0,2.805,3.8196e-09,163.02,165.82
1221.7000,0,2.805,3.8194e-09,163.12,165.93
1221.7500,0,2.805,3.8192e-09,163.22,166.03
1221.8000,0,2.805,3.8189e-09,163.33,166.13
1221.8500,0,2.805,3.8187e-09,163.43,166.24
1221.9000,0,2.805,3.8184e-09,163.54,166.34
1221.9500,0,2.805,3.8182e-09,163.64,166.44
1222.0000,0,2.805,3.8179e-09,163.74,166.55
1222.0500,0,2.805,3.8177e-09,163.85,166.65
1222.1000,0,2.805,3.8174e-09,163.95,166.76
1222.1500,0,2.805,3.8172e-09,164.05,166.86
1222.2000,0,2.805,3.8169e-09,164.16,166.96
1222.2500,0,2.805,3.8166e-09,164.26,167.07
1222.3000,0,2.805,3.8163e-09,164.36,167.17
1222.3500,0,2.805,3.8161e-09,164.47,167.27
1222.4000,0,2.805,3.8158e-09,164.57,167.38
1222.4500,0,2.805,3.8155e-09,164.67,167.48
1222.5000,0,2.805,3.8152e-09,164.78,167.58
1222.5500,0,2.805,3.8149e-09,164.88,167.69
1222.6000,0,2.805,3.8146e-09,164.98,167.79
1222.6500,0,2.805,3.8143e-09,165.09,167.89
1222.7000,0,2.805,3.814e-09,165.19,168
1222.7500,0,2.805,3.8137e-09,165.29,168.1
1222.8000,0,2.805,3.8134e-09,165.4,168.2
1222.8500,0,2.805,3.8131e-09,165.5,168.31
1222.9000,0,2.805,3.8127e-09,165.6,168.41
1222.9500,0,2.805,3.8124e-09,165.71,168.51
1223.0000,0,2.805,3.8121e-09,165.81,168.61
1223.0500,0,2.805,3.8118e-09,165.91,168.72
1223.1000,0,2.805,3.8114e-09,166.02,168.82
1223.1500,0,2.805,3.8111e-09,166.12,168.92
1223.2000,0,2.805,3.8107e-09,166.22,169.03
1223.2500,0,2.805,3.8104e-09,166.32,169.13
1223.3000,0,2.805,3.81e-09,166.43,169.23
1223.3500,0,2.805,3.8097e-09,166.53,169.33
1223.4000,0,2.805,3.8093e-09,166.63,169.44
1223.4500,0,2.805,3.809e-09,166.74,169.54
1223.5000,0,2.805,3.8086e-09,166.84,169.64
1223.5500,0,2.805,3.8082e-09,166.94,169.75
1223.6000,0,2.805,3.8079e-09,167.04,169.85
1223.6500,0,2.805,3.8075e-09,167.15,169.95
1223.7000,0,2.805,3.8071e-09,167.25,170.05
1223.7500,0,2.805,3.8067e-09,167.35,170.16
1223.8000,0,2.805,3.8063e-09,167.45,170.26
1223.8500,0,2.805,3.8059e-09,167.56,170.36
1223.9000,0,2.805,3.8055e-09,167.66,170.46
1223.9500,0,2.805,3.8051e-09,167.76,170.57
1224.0000,0,2.805,3.8047e-09,167.86,170.67
1224.0500,0,2.805,3.8043e-09,167.96,170.77
1224.1000,0,2.805,3.8039e-09,168.07,170.87
1224.1500,0,2.805,3.8035e-09,168.17,170.97
1224.2000,0,2.805,3.8031e-09,168.27,171.08
1224.2500,0,2.805,3.8027e-09,168.37,171.18
1224.3000,0,2.805,3.8023e-09,168.48,171.28
1224.3500,0,2.805,3.8018e-09,168.58,171.38
1224.4000,0,2.805,3.8014e-09,168.68,171.48
1224.4500,0,2.805,3.801e-09,168.78,171.59
1224.5000,0,2.805,3.8005e-09,168.88,171.69
1224.5500,0,2.805,3.8001e-09,168.99,171.79
1224.6000,0,2.805,3.7996e-09,169.09,171.89
1224.6500,0,2.805,3.7992e-09,169.19,171.99
1224.7000,0,2.805,3.7987e-09,169.29,172.1
1224.7500,0,2.805,3.7983e-09,169.39,172.2
1224.8000,0,2.805,3.7978e-09,169.49,172.3
1224.8500,0,2.805,3.7973e-09,169.6,172.4
1224.9000,0,2.805,3.7969e-09,169.7,172.5
1224.9500,0,2.805,3.7964e-09,169.8,172.6
1225.0000,0,2.805,3.7959e-09,169.9,172.71
1225.0500,0,2.805,3.7954e-09,170,172.81
1225.1000,0,2.805,3.795e-09,170.1,172.91
1225.1500,0,2.805,3.7945e-09,170.2,173.01
1225.2000,0,2.805,3.794e-09,170.31,173.11
1225.2500,0,2.805,3.7935e-09,170.41,173.21
1225.3000,0,2.805,3.793e-09,170.51,173.31
1225.3500,0,2.805,3.7925e-09,170.61,173.41
1225.4000,0,2.805,3.792e-09,170.71,173.52
1225.4500,0,2.805,3.7915e-09,170.81,173.62
1225.5000,0,2.805,3.791e-09,170.91,173.72
1225.5500,0,2.805,3.7904e-09,171.01,173.82
1225.6000,0,2.805,3.7899e-09,171.12,173.92
1225.6500,0,2.805,3.7894e-09,171.22,174.02
1225.7000,0,2.805,3.7889e-09,171.32,174.12
1225.7500,0,2.805,3.7883e-09,171.42,174.22
1225.8000,0,2.805,3.7878e-09,171.52,174.32
1225.8500,0,2.805,3.7873e-09,171.62,174.42
1225.9000,0,2.805,3.7867e-09,171.72,174.53
1225.9500,0,2.805,3.7862e-09,171.82,174.63
1226.0000,0,2.805,3.7856e-09,171.92,174.73
1226.0500,0,2.805,3.7851e-09,172.02,174.83
1226.1000,0,2.805,3.7845e-09,172.12,174.93
1226.1500,0,2.805,3.7839e-09,172.22,175.03
1226.2000,0,2.805,3.7834e-09,172.32,175.13
1226.2500,0,2.805,3.7828e-09,172.42,175.23
1226.3000,0,2.805,3.7822e-09,172.52,175.33
1226.3500,0,2.805,3.7816e-09,172.63,175.43
1226.4000,0,2.805,3.7811e-09,172.73,175.53
1226.4500,0,2.805,3.7805e-09,172.83,175.63
1226.5000,0,2.805,3.7799e-09,172.93,175.73
1226.5500,0,2.805,3.7793e-09,173.03,175.83
1226.6000,0,2.805,3.7787e-09,173.13,175.93
1226.6500,0,2.805,3.7781e-09,173.23,176.03
1226.7000,0,2.805,3.7775e-09,173.33,176.13
1226.7500,0,2.805,3.7769e-09,173.43,176.23
1226.8000,0,2.805,3.7763e-09,173.53,176.33
1226.8500,0,2.805,3.7757e-09,173.63,176.43
1226.9000,0,2.805,3.775e-09,173.73,176.53
1226.9500,0,2.805,3.7744e-09,173.83,176.63
1227.0000,0,2.805,3.7738e-09,173.93,176.73
1227.0500,0,2.805,3.7732e-09,174.03,176.83
1227.1000,0,2.805,3.7725e-09,174.13,176.93
1227.1500,0,2.805,3.7719e-09,174.22,177.03
1227.2000,0,2.805,3.7713e-09,174.32,177.13
1227.2500,0,2.805,3.7706e-09,174.42,177.23
1227.3000,0,2.805,3.77e-09,174.52,177.33
1227.3500,0,2.805,3.7693e-09,174.62,177.43
1227.4000,0,2.805,3.7687e-09,174.72,177.53
1227.4500,0,2.805,3.768e-09,174.82,177.63
1227.5000,0,2.805,3.7673e-09,174.92,177.73
1227.5500,0,2.805,3.7667e-09,175.02,177.83
1227.6000,0,2.805,3.766e-09,175.12,177.92
1227.6500,0,2.805,3.7653e-09,175.22,178.02
1227.7000,0,2.805,3.7646e-09,175.32,178.12
1227.7500,0,2.805,3.764e-09,175.42,178.22
1227.8000,0,2.805,3.7633e-09,175.52,178.32
1227.8500,0,2.805,3.7626e-09,175.61,178.42
1227.9000,0,2.805,3.7619e-09,175.71,178.52
1227.9500,0,2.805,3.7612e-09,175.81,178.62
1228.0000,0,2.805,3.7605e-09,175.91,178.72
1228.0500,0,2.805,3.7598e-09,176.01,178.81
1228.1000,0,2.805,3.7591e-09,176.11,178.91
1228.1500,0,2.805,3.7584e-09,176.21,179.01
1228.2000,0,2.805,3.7577e-09,176.31,179.11
1228.2500,0,2.805,3.7569e-09,176.4,179.21
1228.3000,0,2.805,3.7562e-09,176.5,179.31
1228.3500,0,2.805,3.7555e-09,176.6,179.41
1228.4000,0,2.805,3.7548e-09,176.7,179.5
1228.4500,0,2.805,3.754e-09,176.8,179.6
1228.5000,0,2.805,3.7533e-09,176.9,179.7
1228.5500,0,2.805,3.7525e-09,176.99,179.8
1228.6000,0,2.805,3.7518e-09,177.09,179.9
1228.6500,0,2.805,3.751e-09,177.19,180
1228.7000,0,2.805,3.7503e-09,177.29,180.09
1228.7500,0,2.805,3.7495e-09,177.39,180.19
1228.8000,0,2.805,3.7488e-09,177.49,180.29
1228.8500,0,2.805,3.748e-09,177.58,180.39
1228.9000,0,2.805,3.7472e-09,177.68,180.49
1228.9500,0,2.805,3.7465e-09,177.78,180.58
1229.0000,0,2.805,3.7457e-09,177.88,180.68
1229.0500,0,2.805,3.7449e-09,177.97,180.78
1229.1000,0,2.805,3.7441e-09,178.07,180.88
1229.1500,0,2.805,3.7433e-09,178.17,180.97
1229.2000,0,2.805,3.7425e-09,178.27,181.07
1229.2500,0,2.805,3.7418e-09,178.37,181.17
1229.3000,0,2.805,3.741e-09,178.46,181.27
1229.3500,0,2.805,3.7402e-09,178.56,181.36
1229.4000,0,2.805,3.7393e-09,178.66,181.46
1229.4500,0,2.805,3.7385e-09,178.75,181.56
1229.5000,0,2.805,3.7377e-09,178.85,181.66
1229.5500,0,2.805,3.7369e-09,178.95,181.75
1229.6000,0,2.805,3.7361e-09,179.05,181.85
1229.6500,0,2.805,3.7353e-09,179.14,181.95
1229.7000,0,2.805,3.7344e-09,179.24,182.05
1229.7500,0,2.805,3.7336e-09,179.34,182.14
1229.8000,0,2.805,3.7328e-09,179.43,182.24
1229.8500,0,2.805,3.7319e-09,179.53,182.34
1229.9000,0,2.805,3.7311e-09,179.63,182.43
1229.9500,0,2.805,3.7302e-09,179.72,182.53
1230.0000,0,2.805,3.7294e-09,179.82,182.63
1230.0500,0,2.805,3.7285e-09,179.92,182.72
1230.1000,0,2.805,3.7277e-09,180.01,182.82
1230.1500,0,2.805,3.7268e-09,180.11,182.92
1230.2000,0,2.805,3.7259e-09,180.21,183.01
1230.2500,0,2.805,3.7251e-09,180.3,183.11
1230.3000,0,2.805,3.7242e-09,180.4,183.21
1230.3500,0,2.805,3.7233e-09,180.5,183.3
1230.4000,0,2.805,3.7224e-09,180.59,183.4
1230.4500,0,2.805,3.7216e-09,180.69,183.49
1230.5000,0,2.805,3.7207e-09,180.79,183.59
1230.5500,0,2.805,3.7198e-09,180.88,183.69
1230.6000,0,2.805,3.7189e-09,180.98,183.78
1230.6500,0,2.805,3.718e-09,181.07,183.88
1230.7000,0,2.805,3.7171e-09,181.17,183.98
1230.7500,0,2.805,3.7162e-09,181.27,184.07
1230.8000,0,2.805,3.7153e-09,181.36,184.17
1230.8500,0,2.805,3.7144e-09,181.46,184.26
1230.9000,0,2.805,3.7134e-09,181.55,184.36
1230.9500,0,2.805,3.7125e-09,181.65,184.45
1231.0000,0,2.805,3.7116e-09,181.74,184.55
1231.0500,0,2.805,3.7107e-09,181.84,184.65
1231.1000,0,2.805,3.7097e-09,181.94,184.74
1231.1500,0,2.805,3.7088e-09,182.03,184.84
1231.2000,0,2.805,3.7079e-09,182.13,184.93
1231.2500,0,2.805,3.7069e-09,182.22,185.03
1231.3000,0,2.805,3.706e-09,182.32,185.12
1231.3500,0,2.805,3.705e-09,182.41,185.22
1231.4000,0,2.805,3.7041e-09,182.51,185.31
1231.4500,0,2.805,3.7031e-09,182.6,185.41
1231.5000,0,2.805,3.7021e-09,182.7,185.5
1231.5500,0,2.805,3.7012e-09,182.79,185.6
1231.6000,0,2.805,3.7002e-09,182.89,185.69
1231.6500,0,2.805,3.6992e-09,182.98,185.79
1231.7000,0,2.805,3.6983e-09,183.08,185.88
1231.7500,0,2.805,3.6973e-09,183.17,185.98
1231.8000,0,2.805,3.6963e-09,183.27,186.07
1231.8500,0,2.805,3.6953e-09,183.36,186.17
1231.9000,0,2.805,3.6943e-09,183.46,186.26
1231.9500,0,2.805,3.6933e-09,183.55,186.36
1232.0000,0,2.805,3.6923e-09,183.65,186.45
1232.0500,0,2.805,3.6913e-09,183.74,186.54
1232.1000,0,2.805,3.6903e-09,183.83,186.64
1232.1500,0,2.805,3.6893e-09,183.93,186.73
1232.2000,0,2.805,3.6883e-09,184.02,186.83
1232.2500,0,2.805,3.6873e-09,184.12,186.92
1232.3000,0,2.805,3.6863e-09,184.21,187.02
1232.3500,0,2.805,3.6852e-09,184.31,187.11
1232.4000,0,2.805,3.6842e-09,184.4,187.2
1232.4500,0,2.805,3.6832e-09,184.49,187.3
1232.5000,0,2.805,3.6822e-09,184.59,187.39
1232.5500,0,2.805,3.6811e-09,184.68,187.49
1232.6000,0,2.805,3.6801e-09,184.77,187.58
1232.6500,0,2.805,3.679e-09,184.87,187.67
1232.7000,0,2.805,3.678e-09,184.96,187.77
1232.7500,0,2.805,3.6769e-09,185.06,187.86
1232.8000,0,2.805,3.6759e-09,185.15,187.95
1232.8500,0,2.805,3.6748e-09,185.24,188.05
1232.9000,0,2.805,3.6737e-09,185.34,188.14
1232.9500,0,2.805,3.6727e-09,185.43,188.24
1233.0000,0,2.805,3.6716e-09,185.52,188.33
1233.0500,0,2.805,3.6705e-09,185.62,188.42
1233.1000,0,2.805,3.6695e-09,185.71,188.52
1233.1500,0,2.805,3.6684e-09,185.8,188.61
1233.2000,0,2.805,3.6673e-09,185.9,188.7
1233.2500,0,2.805,3.6662e-09,185.99,188.79
1233.3000,0,2.805,3.6651e-09,186.08,188.89
1233.3500,0,2.805,3.664e-09,186.18,188.98
1233.4000,0,2.805,3.6629e-09,186.27,189.07
1233.4500,0,2.805,3.6618e-09,186.36,189.17
1233.5000,0,2.805,3.6607e-09,186.45,189.26
1233.5500,0,2.805,3.6596e-09,186.55,189.35
1233.6000,0,2.805,3.6585e-09,186.64,189.44
1233.6500,0,2.805,3.6574e-09,186.73,189.54
1233.7000,0,2.805,3.6563e-09,186.82,189.63
1233.7500,0,2.805,3.6551e-09,186.92,189.72
1233.8000,0,2.805,3.654e-09,187.01,189.81
1233.8500,0,2.805,3.6529e-09,187.1,189.91
1233.9000,0,2.805,3.6517e-09,187.19,190
1233.9500,0,2.805,3.6506e-09,187.29,190.09
1234.0000,0,2.805,3.6495e-09,187.38,190.18
1234.0500,0,2.805,3.6483e-09,187.47,190.28
1234.1000,0,2.805,3.6472e-09,187.56,190.37
1234.1500,0,2.805,3.646e-09,187.65,190.46
1234.2000,0,2.805,3.6449e-09,187.75,190.55
1234.2500,0,2.805,3.6437e-09,187.84,190.64
1234.3000,0,2.805,3.6425e-09,187.93,190.74
1234.3500,0,2.805,3.6414e-09,188.02,190.83
1234.4000,0,2.805,3.6402e-09,188.11,190.92
1234.4500,0,2.805,3.639e-09,188.21,191.01
1234.5000,0,2.805,3.6379e-09,188.3,191.1
1234.5500,0,2.805,3.6367e-09,188.39,191.19
1234.6000,0,2.805,3.6355e-09,188.48,191.29
1234.6500,0,2.805,3.6343e-09,188.57,191.38
1234.7000,0,2.805,3.6331e-09,188.66,191.47
1234.7500,0,2.805,3.6319e-09,188.76,191.56
1234.8000,0,2.805,3.6307e-09,188.85,191.65
1234.8500,0,2.805,3.6295e-09,188.94,191.74
1234.9000,0,2.805,3.6283e-09,189.03,191.83
1234.9500,0,2.805,3.6271e-09,189.12,191.92
1235.0000,0,2.805,3.6259e-09,189.21,192.02
1235.0500,0,2.805,3.6247e-09,189.3,192.11
1235.1000,0,2.805,3.6235e-09,189.39,192.2
1235.1500,0,2.805,3.6222e-09,189.48,192.29
1235.2000,0,2.805,3.621e-09,189.57,192.38
1235.2500,0,2.805,3.6198e-09,189.67,192.47
1235.3000,0,2.805,3.6186e-09,189.76,192.56
1235.3500,0,2.805,3.6173e-09,189.85,192.65
1235.4000,0,2.805,3.6161e-09,189.94,192.74
1235.4500,0,2.805,3.6148e-09,190.03,192.83
1235.5000,0,2.805,3.6136e-09,190.12,192.92
1235.5500,0,2.805,3.6123e-09,190.21,193.01
1235.6000,0,2.805,3.6111e-09,190.3,193.1
1235.6500,0,2.805,3.6098e-09,190.39,193.19
1235.7000,0,2.805,3.6086e-09,190.48,193.28
1235.7500,0,2.805,3.6073e-09,190.57,193.37
1235.8000,0,2.805,3.606e-09,190.66,193.46
1235.8500,0,2.805,3.6048e-09,190.75,193.55
1235.9000,0,2.805,3.6035e-09,190.84,193.64
1235.9500,0,2.805,3.6022e-09,190.93,193.73
1236.0000,0,2.805,3.6009e-09,191.02,193.82
1236.0500,0,2.805,3.5997e-09,191.11,193.91
1236.1000,0,2.805,3.5984e-09,191.2,194
1236.1500,0,2.805,3.5971e-09,191.29,194.09
1236.2000,0,2.805,3.5958e-09,191.38,194.18
1236.2500,0,2.805,3.5945e-09,191.47,194.27
1236.3000,0,2.805,3.5932e-09,191.56,194.36
1236.3500,0,2.805,3.5919e-09,191.65,194.45
1236.4000,0,2.805,3.5906e-09,191.74,194.54
1236.4500,0,2.805,3.5893e-09,191.82,194.63
1236.5000,0,2.805,3.5879e-09,191.91,194.72
1236.5500,0,2.805,3.5866e-09,192,194.81
1236.6000,0,2.805,3.5853e-09,192.09,194.9
1236.6500,0,2.805,3.584e-09,192.18,194.99
1236.7000,0,2.805,3.5826e-09,192.27,195.08
1236.7500,0,2.805,3.5813e-09,192.36,195.16
1236.8000,0,2.805,3.58e-09,192.45,195.25
1236.8500,0,2.805,3.5786e-09,192.54,195.34
1236.9000,0,2.805,3.5773e-09,192.63,195.43
1236.9500,0,2.805,3.576e-09,192.71,195.52
1237.0000,0,2.805,3.5746e-09,192.8,195.61
1237.0500,0,2.805,3.5733e-09,192.89,195.7
1237.1000,0,2.805,3.5719e-09,192.98,195.78
1237.1500,0,2.805,3.5705e-09,193.07,195.87
1237.2000,0,2.805,3.5692e-09,193.16,195.96
1237.2500,0,2.805,3.5678e-09,193.25,196.05
1237.3000,0,2.805,3.5664e-09,193.33,196.14
1237.3500,0,2.805,3.5651e-09,193.42,196.23
1237.4000,0,2.805,3.5637e-09,193.51,196.31
1237.4500,0,2.805,3.5623e-09,193.6,196.4
1237.5000,0,2.805,3.5609e-09,193.69,196.49
1237.5500,0,2.805,3.5595e-09,193.77,196.58
1237.6000,0,2.805,3.5582e-09,193.86,196.67
1237.6500,0,2.805,3.5568e-09,193.95,196.75
1237.7000,0,2.805,3.5554e-09,194.04,196.84
1237.7500,0,2.805,3.554e-09,194.12,196.93
1237.8000,0,2.805,3.5526e-09,194.21,197.02
1237.8500,0,2.805,3.5512e-09,194.3,197.1
1237.9000,0,2.805,3.5497e-09,194.39,197.19
1237.9500,0,2.805,3.5483e-09,194.48,197.28
1238.0000,0,2.805,3.5469e-09,194.56,197.37
1238.0500,0,2.805,3.5455e-09,194.65,197.45
1238.1000,0,2.805,3.5441e-09,194.74,197.54
1238.1500,0,2.805,3.5426e-09,194.82,197.63
1238.2000,0,2.805,3.5412e-09,194.91,197.72
1238.2500,0,2.805,3.5398e-09,195,197.8
1238.3000,0,2.805,3.5383e-09,195.09,197.89
1238.3500,0,2.805,3.5369e-09,195.17,197.98
1238.4000,0,2.805,3.5355e-09,195.26,198.06
1238.4500,0,2.805,3.534e-09,195.35,198.15
1238.5000,0,2.805,3.5326e-09,195.43,198.24
1238.5500,0,2.805,3.5311e-09,195.52,198.32
1238.6000,0,2.805,3.5297e-09,195.61,198.41
1238.6500,0,2.805,3.5282e-09,195.69,198.5
1238.7000,0,2.805,3.5267e-09,195.78,198.58
1238.7500,0,2.805,3.5253e-09,195.87,198.67
1238.8000,0,2.805,3.5238e-09,195.95,198.76
1238.8500,0,2.805,3.5223e-09,196.04,198.84
1238.9000,0,2.805,3.5209e-09,196.12,198.93
1238.9500,0,2.805,3.5194e-09,196.21,199.02
1239.0000,0,2.805,3.5179e-09,196.3,199.1
1239.0500,0,2.805,3.5164e-09,196.38,199.19
1239.1000,0,2.805,3.5149e-09,196.47,199.27
1239.1500,0,2.805,3.5134e-09,196.56,199.36
1239.2000,0,2.805,3.5119e-09,196.64,199.45
1239.2500,0,2.805,3.5104e-09,196.73,199.53
1239.3000,0,2.805,3.5089e-09,196.81,199.62
1239.3500,0,2.805,3.5074e-09,196.9,199.7
1239.4000,0,2.805,3.5059e-09,196.98,199.79
1239.4500,0,2.805,3.5044e-09,197.07,199.87
1239.5000,0,2.805,3.5029e-09,197.16,199.96
1239.5500,0,2.805,3.5014e-09,197.24,200.05
1239.6000,0,2.805,3.4998e-09,197.33,200.13
1239.6500,0,2.805,3.4983e-09,197.41,200.22
1239.7000,0,2.805,3.4968e-09,197.5,200.3
1239.7500,0,2.805,3.4953e-09,197.58,200.39
1239.8000,0,2.805,3.4937e-09,197.67,200.47
1239.8500,0,2.805,3.4922e-09,197.75,200.56
1239.9000,0,2.805,3.4907e-09,197.84,200.64
1239.9500,0,2.805,3.4891e-09,197.92,200.73
1240.0000,0,2.805,3.4876e-09,198.01,200.81
1240.0500,0,2.805,3.486e-09,198.09,200.9
1240.1000,0,2.805,3.4845e-09,198.18,200.98
1240.1500,0,2.805,3.4829e-09,198.26,201.07
1240.2000,0,2.805,3.4814e-09,198.35,201.15
1240.2500,0,2.805,3.4798e-09,198.43,201.23
1240.3000,0,2.805,3.4783e-09,198.51,201.32
1240.3500,0,2.805,3.4767e-09,198.6,201.4
1240.4000,0,2.805,3.4751e-09,198.68,201.49
1240.4500,0,2.805,3.4736e-09,198.77,201.57
1240.5000,0,2.805,3.472e-09,198.85,201.66
1240.5500,0,2.805,3.4704e-09,198.94,201.74
1240.6000,0,2.805,3.4689e-09,199.02,201.82
1240.6500,0,2.805,3.4673e-09,199.1,201.91
1240.7000,0,2.805,3.4657e-09,199.19,201.99
1240.7500,0,2.805,3.4641e-09,199.27,202.08
1240.8000,0,2.805,3.4625e-09,199.36,202.16
1240.8500,0,2.805,3.4609e-09,199.44,202.24
1240.9000,0,2.805,3.4593e-09,199.52,202.33
1240.9500,0,2.805,3.4577e-09,199.61,202.41
1241.0000,0,2.805,3.4561e-09,199.69,202.5
1241.0500,0,2.805,3.4545e-09,199.77,202.58
1241.1000,0,2.805,3.4529e-09,199.86,202.66
1241.1500,0,2.805,3.4513e-09,199.94,202.75
1241.2000,0,2.805,3.4497e-09,200.02,202.83
1241.2500,0,2.805,3.4481e-09,200.11,202.91
1241.3000,0,2.805,3.4465e-09,200.19,203
1241.3500,0,2.805,3.4448e-09,200.27,203.08
1241.4000,0,2.805,3.4432e-09,200.36,203.16
1241.4500,0,2.805,3.4416e-09,200.44,203.24
1241.5000,0,2.805,3.44e-09,200.52,203.33
1241.5500,0,2.805,3.4383e-09,200.61,203.41
1241.6000,0,2.805,3.4367e-09,200.69,203.49
1241.6500,0,2.805,3.435e-09,200.77,203.58
1241.7000,0,2.805,3.4334e-09,200.85,203.66
1241.7500,0,2.805,3.4318e-09,200.94,203.74
1241.8000,0,2.805,3.4301e-09,201.02,203.82
1241.8500,0,2.805,3.4284e-09,201.1,203.91
1241.9000,0,2.805,3.4268e-09,201.18,203.99
1241.9500,0,2.805,3.4251e-09,201.27,204.07
1242.0000,0,2.805,3.4235e-09,201.35,204.15
1242.0500,0,2.805,3.4218e-09,201.43,204.24
1242.1000,0,2.805,3.4201e-09,201.51,204.32
1242.1500,0,2.805,3.4185e-09,201.59,204.4
1242.2000,0,2.805,3.4168e-09,201.68,204.48
1242.2500,0,2.805,3.4151e-09,201.76,204.56
1242.3000,0,2.805,3.4134e-09,201.84,204.64
1242.3500,0,2.805,3.4117e-09,201.92,204.73
1242.4000,0,2.805,3.41e-09,202,204.81
1242.4500,0,2.805,3.4084e-09,202.09,204.89
1242.5000,0,2.805,3.4067e-09,202.17,204.97
1242.5500,0,2.805,3.405e-09,202.25,205.05
1242.6000,0,2.805,3.4033e-09,202.33,205.13
1242.6500,0,2.805,3.4016e-09,202.41,205.22
1242.7000,0,2.805,3.3998e-09,202.49,205.3
1242.7500,0,2.805,3.3981e-09,202.57,205.38
1242.8000,0,2.805,3.3964e-09,202.65,205.46
1242.8500,0,2.805,3.3947e-09,202.74,205.54
1242.9000,0,2.805,3.393e-09,202.82,205.62
1242.9500,0,2.805,3.3913e-09,202.9,205.7
1243.0000,0,2.805,3.3895e-09,202.98,205.78
1243.0500,0,2.805,3.3878e-09,203.06,205.86
1243.1000,0,2.805,3.3861e-09,203.14,205.95
1243.1500,0,2.805,3.3843e-09,203.22,206.03
1243.2000,0,2.805,3.3826e-09,203.3,206.11
1243.2500,0,2.805,3.3809e-09,203.38,206.19
1243.3000,0,2.805,3.3791e-09,203.46,206.27
1243.3500,0,2.805,3.3774e-09,203.54,206.35
1243.4000,0,2.805,3.3756e-09,203.62,206.43
1243.4500,0,2.805,3.3739e-09,203.7,206.51
1243.5000,0,2.805,3.3721e-09,203.78,206.59
1243.5500,0,2.805,3.3704e-09,203.86,206.67
1243.6000,0,2.805,3.3686e-09,203.94,206.75
1243.6500,0,2.805,3.3668e-09,204.02,206.83
1243.7000,0,2.805,3.3651e-09,204.1,206.91
1243.7500,0,2.805,3.3633e-09,204.18,206.99
1243.8000,0,2.805,3.3615e-09,204.26,207.07
1243.8500,0,2.805,3.3597e-09,204.34,207.15
1243.9000,0,2.805,3.358e-09,204.42,207.23
1243.9500,0,2.805,3.3562e-09,204.5,207.31
1244.0000,0,2.805,3.3544e-09,204.58,207.39
1244.0500,0,2.805,3.3526e-09,204.66,207.47
1244.1000,0,2.805,3.3508e-09,204.74,207.55
1244.1500,0,2.805,3.349e-09,204.82,207.63
1244.2000,0,2.805,3.3472e-09,204.9,207.71
1244.2500,0,2.805,3.3454e-09,204.98,207.79
1244.3000,0,2.805,3.3436e-09,205.06,207.86
1244.3500,0,2.805,3.3418e-09,205.14,207.94
1244.4000,0,2.805,3.34e-09,205.22,208.02
1244.4500,0,2.805,3.3382e-09,205.3,208.1
1244.5000,0,2.805,3.3364e-09,205.38,208.18
1244.5500,0,2.805,3.3345e-09,205.45,208.26
1244.6000,0,2.805,3.3327e-09,205.53,208.34
1244.6500,0,2.805,3.3309e-09,205.61,208.42
1244.7000,0,2.805,3.3291e-09,205.69,208.5
1244.7500,0,2.805,3.3272e-09,205.77,208.57
1244.8000,0,2.805,3.3254e-09,205.85,208.65
1244.8500,0,2.805,3.3236e-09,205.93,208.73
1244.9000,0,2.805,3.3217e-09,206,208.81
1244.9500,0,2.805,3.3199e-09,206.08,208.89
1245.0000,0,2.805,3.318e-09,206.16,208.97
1245.0500,0,2.805,3.3162e-09,206.24,209.04
1245.1000,0,2.805,3.3143e-09,206.32,209.12
1245.1500,0,2.805,3.3125e-09,206.39,209.2
1245.2000,0,2.805,3.3106e-09,206.47,209.28
1245.2500,0,2.805,3.3088e-09,206.55,209.36
1245.3000,0,2.805,3.3069e-09,206.63,209.43
1245.3500,0,2.805,3.305e-09,206.71,209.51
1245.4000,0,2.805,3.3032e-09,206.78,209.59
1245.4500,0,2.805,3.3013e-09,206.86,209.67
1245.5000,0,2.805,3.2994e-09,206.94,209.74
1245.5500,0,2.805,3.2975e-09,207.02,209.82
1245.6000,0,2.805,3.2957e-09,207.09,209.9
1245.6500,0,2.805,3.2938e-09,207.17,209.98
1245.7000,0,2.805,3.2919e-09,207.25,210.05
1245.7500,0,2.805,3.29e-09,207.33,210.13
1245.8000,0,2.805,3.2881e-09,207.4,210.21
1245.8500,0,2.805,3.2862e-09,207.48,210.28
1245.9000,0,2.805,3.2843e-09,207.56,210.36
1245.9500,0,2.805,3.2824e-09,207.63,210.44
1246.0000,0,2.805,3.2805e-09,207.71,210.51
1246.0500,0,2.805,3.2786e-09,207.79,210.59
1246.1000,0,2.805,3.2767e-09,207.86,210.67
1246.1500,0,2.805,3.2748e-09,207.94,210.74
1246.2000,0,2.805,3.2729e-09,208.02,210.82
1246.2500,0,2.805,3.2709e-09,208.09,210.9
1246.3000,0,2.805,3.269e-09,208.17,210.97
1246.3500,0,2.805,3.2671e-09,208.25,211.05
1246.4000,0,2.805,3.2652e-09,208.32,211.13
1246.4500,0,2.805,3.2632e-09,208.4,211.2
1246.5000,0,2.805,3.2613e-09,208.47,211.28
1246.5500,0,2.805,3.2594e-09,208.55,211.35
1246.6000,0,2.805,3.2574e-09,208.63,211.43
1246.6500,0,2.805,3.2555e-09,208.7,211.51
1246.7000,0,2.805,3.2535e-09,208.78,211.58
1246.7500,0,2.805,3.2516e-09,208.85,211.66
1246.8000,0,2.805,3.2496e-09,208.93,211.73
1246.8500,0,2.805,3.2477e-09,209,211.81
1246.9000,0,2.805,3.2457e-09,209.08,211.88
1246.9500,0,2.805,3.2438e-09,209.16,211.96
1247.0000,0,2.805,3.2418e-09,209.23,212.04
1247.0500,0,2.805,3.2398e-09,209.31,212.11
1247.1000,0,2.805,3.2379e-09,209.38,212.19
1247.1500,0,2.805,3.2359e-09,209.46,212.26
1247.2000,0,2.805,3.2339e-09,209.53,212.34
1247.2500,0,2.805,3.232e-09,209.61,212.41
1247.3000,0,2.805,3.23e-09,209.68,212.49
1247.3500,0,2.805,3.228e-09,209.76,212.56
1247.4000,0,2.805,3.226e-09,209.83,212.64
1247.4500,0,2.805,3.224e-09,209.91,212.71
1247.5000,0,2.805,3.222e-09,209.98,212.79
1247.5500,0,2.805,3.22e-09,210.06,212.86
1247.6000,0,2.805,3.218e-09,210.13,212.93
1247.6500,0,2.805,3.216e-09,210.2,213.01
1247.7000,0,2.805,3.214e-09,210.28,213.08
1247.7500,0,2.805,3.212e-09,210.35,213.16
1247.8000,0,2.805,3.21e-09,210.43,213.23
1247.8500,0,2.805,3.208e-09,210.5,213.31
1247.9000,0,2.805,3.206e-09,210.58,213.38
1247.9500,0,2.805,3.204e-09,210.65,213.45
1248.0000,0,2.805,3.202e-09,210.72,213.53
1248.0500,0,2.805,3.2e-09,210.8,213.6
1248.1000,0,2.805,3.1979e-09,210.87,213.68
1248.1500,0,2.805,3.1959e-09,210.94,213.75
1248.2000,0,2.805,3.1939e-09,211.02,213.82
1248.2500,0,2.805,3.1919e-09,211.09,213.9
1248.3000,0,2.805,3.1898e-09,211.17,213.97
1248.3500,0,2.805,3.1878e-09,211.24,214.04
1248.4000,0,2.805,3.1857e-09,211.31,214.12
1248.4500,0,2.805,3.1837e-09,211.39,214.19
1248.5000,0,2.805,3.1817e-09,211.46,214.26
1248.5500,0,2.805,3.1796e-09,211.53,214.34
1248.6000,0,2.805,3.1776e-09,211.61,214.41
1248.6500,0,2.805,3.1755e-09,211.68,214.48
1248.7000,0,2.805,3.1734e-09,211.75,214.56
1248.7500,0,2.805,3.1714e-09,211.82,214.63
1248.8000,0,2.805,3.1693e-09,211.9,214.7
1248.8500,0,2.805,3.1673e-09,211.97,214.77
1248.9000,0,2.805,3.1652e-09,212.04,214.85
1248.9500,0,2.805,3.1631e-09,212.11,214.92
1249.0000,0,2.805,3.161e-09,212.19,214.99
1249.0500,0,2.805,3.159e-09,212.26,215.06
1249.1000,0,2.805,3.1569e-09,212.33,215.14
1249.1500,0,2.805,3.1548e-09,212.4,215.21
1249.2000,0,2.805,3.1527e-09,212.48,215.28
1249.2500,0,2.805,3.1506e-09,212.55,215.35
1249.3000,0,2.805,3.145e-09,212.62,215.43
1249.3500,0,2.805,3.0659e-09,212.69,215.5
1249.4000,0,2.805,2.6681e-09,212.76,215.57
1249.4500,0,2.805,2.218e-09,212.84,215.64
1249.5000,0,2.805,1.8244e-09,199.6,202.4